<?xml version="1.0" encoding="UTF-8"?>
<!DOCTYPE log4j:configuration PUBLIC "-//APACHE//DTD LOG4J 1.2//EN" "log4j.dtd">
<log4j:configuration xmlns:log4j="http://jakarta.apache.org/log4j/">

 

    <appender name="console" class="org.apache.log4j.ConsoleAppender">
    <param name="Target" value="System.out"/>
    <layout class="org.apache.log4j.PatternLayout">
    <param name="ConversionPattern" value="%d{yyyy-MM-dd HH:mm:ss} %-5p %c{1}:%L - %m%n" />
    </layout>
  </appender>
 
  <appender name="fileAppender" class="org.apache.log4j.RollingFileAppender">
    <param name="File" value="demoApplication.log"/>
    <layout class="org.apache.log4j.PatternLayout">
    <param name="ConversionPattern" value="%d{yyyy-MM-dd HH:mm:ss} %-5p %c{1}:%L - %m%n" />
    </layout>
  </appender>
       
       <logger name="com.pack">
              <level value="info" />
       </logger>
       
       <!-- 3rdparty Loggers -->
       <logger name="org.springframework.core">
              <level value="info" />
       </logger>
       
       <logger name="org.hibernate">
              <level value="info" />
       </logger>
       
       <logger name="org.springframework.beans">
              <level value="info" />
       </logger>
       
       <logger name="org.springframework.context">
              <level value="info" />
       </logger>

 

       <logger name="org.springframework.web">
              <level value="info" />
       </logger>

 

       <!-- Root Logger -->
       <root>
              <priority value="warn" />
               <appender-ref ref="console" />
              <appender-ref ref="fileAppender" />
       </root>
       
</log4j:configuration>
 